{"cameraMode":{"drawMode":0,"name":"Shaded","section":"Shading Mode"},"sceneLighting":false,"audioPlay":false,"sceneViewState":{"m_AlwaysRefresh":false,"showFog":true,"showSkybox":true,"showFlares":true,"showImageEffects":true,"showParticleSystems":true,"showVisualEffectGraphs":true,"m_FxEnabled":true},"in2DMode":false,"pivot":{"x":0.9533824920654297,"y":1.2324954271316529,"z":-5.693805694580078},"rotation":{"x":-0.038085538893938068,"y":0.019484618678689004,"z":0.0007427610689774156,"w":0.9990842938423157},"size":2.047905206680298,"orthographic":false}